名字,链接,地址,介绍,开放时间,图片链接,评分,建议游玩时间,建议季节,门票,小贴士,Page,File Name,来源城市,AQI,绿化覆盖率 (%),废水处理率 (%),废气处理率 (%),垃圾分类处理率 (%),历史遗迹数量,博物馆数量,文化活动频次,文化设施数量,公共交通覆盖率 (%),线路密度 (km/km²),高速公路里程 (km),机场航班数量,年平均气温 (℃),年降水量 (mm),适宜旅游天数,空气湿度 (%),餐馆数量,特色美食数量,美食活动频次,灰色关联度
东庠岛Dongtang Island,http://travel.qunar.com/p-oi22921240-dongxiangdao,"

地址:
福州市平潭县东庠岛

",东庠岛被称为“千礁岛县”，背倚青山，面朝大海，它既有宁静悠闲的海域风光，也有朴素平实的渔民生活，《爸爸去哪儿5》第一期就是这里取的景。在这里，能享受这一处宁静无人的沙滩。,全年 全天开放,https://tr-osdcp.qunarzz.com/tr-osd-tr-manager/img/c61ea290bc08a5fc9c6ed2237b58f4bb.jpg_480x360x95_87ee9613.jpg,5.0,建议游览时间：2小时 - 3小时,,,,4,福州,福州,0.0,1.0,1.0,0.9999999999999982,1.0,0.6666666666666666,0.6666666666666666,0.75,0.7222222222222222,1.0,1.0,0.9333333333333331,0.875,0.9999999999999999,1.0,0.8,1.0,1.0,1.0,1.0,0.8619747899159662
塞外塔拉草原度假景区Saiwai Tala Caoyuan Dujia Sceneic Area,http://travel.qunar.com/p-oi35160717-saiwaitalacaoyuandujia,,塞外塔拉草原度假景区场地开阔，蒙古包众多，还有露营和烧烤的营地，是放风筝、吃烧烤、玩篝火晚会的好地方。,,,5.0,建议游览时间：12小时 - 3天,,具体收费情况以现场公示为主,,4,巴彦淖尔,巴彦淖尔,0.2621359223300971,0.0,0.0,0.0,0.0,0.0,0.0,0.0,0.0,0.0,0.0,0.0,0.0,0.16666666666666663,0.125,0.0,0.0,0.0,0.0625,0.0,0.8446834586898962
宝塔礁Pagoda Reef,http://travel.qunar.com/p-oi704774-baotajiao,"

地址:
烟台市蓬莱区庙岛西北处的犁具把岛


电话:
0535-6685810

",宝塔礁因礁石形似宝塔而得名。礁石高约21米，直径约5米，其状犹如一座挺立的巨塔，无论从哪个角度观赏，总会领略出不同的天然妙韵，让人为自然力之伟大而赞叹。宝塔礁是由石英岩交替叠压而成，横石纹路将塔分成几个直层，竖立的岩线，又将每一层都割裂成多段，在这纵横交错之下仿佛这塔并不是一个严密的整体，而是一个由大小不等、形状不同的石块堆砌而成的松散的建筑。如今在礁石南侧相邻的小岛上修起了一座洁白的导航灯塔，岛上的白塔与海中的宝塔并肩而立，堪称海上的一道亮丽的风景线。,全年 全天开放,https://img1.qunarzz.com/travel/poi/1803/3e/ad34a1208166e337.jpg_480x360x95_c6c0cefe.jpg,5.0,建议游览时间：1小时,最佳出游时间为夏季，海风湿润凉爽，空气清新，游泳戏水，吃海鲜、漫步沙滩，非常惬意，若是幸运，还可看到海市蜃楼。,免费,1、 长岛温度较低，夜间温度不足20度，建议携带薄的外套。2、 注意防晒，遮阳帽，防晒霜，太阳镜，必不可少。3、 晕船的游客提前做好准备，在长岛游玩，乘船必不可少。,3,烟台,烟台,0.4951456310679611,0.40000000000000036,0.4285714285714288,0.5555555555555554,0.3000000000000007,0.2666666666666667,0.16666666666666663,0.25,0.2222222222222222,0.6000000000000001,0.0,0.5333333333333332,0.55,0.41666666666666663,0.5416666666666667,0.40000000000000013,0.3500000000000001,0.30000000000000004,0.125,0.2666666666666667,0.8034610495927202
鸡冠小镇Jiguan Town,http://travel.qunar.com/p-oi29463011-jiguanxiaozhen,"

地址:
萍乡市上栗县312省道东150米

",鸡冠小镇坐落在江西省上栗县鸡冠山乡豆田村，距上栗县城5.6公里，核心区800亩，辐射区5000亩，以特色种植为载体，以开发乡村旅游为宗旨，以传承红色革命基因和弘扬中华传统文化为主线，通过发展果蔬种植、休闲旅游、民俗民宿、花炮观赏四大产业，打造“秀丽山水，研学旅行、生态休闲、花炮燃放、旅游度假”为一体的田园综合体。,全年 9:00-18:00,,5.0,,,具体收费情况以现场公示为主,,3,萍乡,萍乡,0.4174757281553398,0.6000000000000001,0.4285714285714288,0.5555555555555554,0.3000000000000007,0.2666666666666667,0.16666666666666663,0.25,0.2222222222222222,0.6000000000000001,0.11111111111111116,0.5333333333333332,0.55,0.41666666666666663,0.5416666666666667,0.40000000000000013,0.3500000000000001,0.30000000000000004,0.125,0.2666666666666667,0.8026658593619664
走马岭遗址,http://travel.qunar.com/p-oi701889-zoumalingyizhi,,走马岭遗址位子湖北省石首市焦山河镇走马岭村与滑家当镇屯子山村的交界处，为新石器时代遗址。遗址核心是一平面呈不规则长方形古城址，东西最大长度370米，南北最大宽度300米。城垣自上而下以黄、褐、灰白粘土夯筑。在东城垣中部和西城垣南北两端分别筑有城门。在城内发现有面积达100平方米的大房子，面积在30～50平方米的多分间式中型房子和面积在8平方米左右的小房子。土城垣包含物多为屈家岭文化早期的陶器残片，且被屈家岭文化晚期灰坑和墓葬所叠压，由此推断该城始筑于屈家岭文...走马岭遗址位子湖北省石首市焦山河镇走马岭村与滑家当镇屯子山村的交界处，为新石器时代遗址。遗址核心是一平面呈不规则长方形古城址，东西最大长度370米，南北最大宽度300米。城垣自上而下以黄、褐、灰白粘土夯筑。在东城垣中部和西城垣南北两端分别筑有城门。在城内发现有面积达100平方米的大房子，面积在30～50平方米的多分间式中型房子和面积在8平方米左右的小房子。土城垣包含物多为屈家岭文化早期的陶器残片，且被屈家岭文化晚期灰坑和墓葬所叠压，由此推断该城始筑于屈家岭文化早期。走马岭屈家岭文化古城是迄今为止长江流域能够确认的时代最早、面积最大的原始社会晚期城址之一。走马岭遗址的发现为长江中游地区早期城址和埋葬制度的研究提供了实物资料。,,https://img1.qunarzz.com/piao/fusion/1712/ee/8a96a33abde58702.jpg_480x360x95_d413b696.jpg,5.0,,,,,4,荆州,荆州,0.4174757281553398,0.6000000000000001,0.4285714285714288,0.5555555555555554,0.3000000000000007,0.2666666666666667,0.16666666666666663,0.25,0.2222222222222222,0.6000000000000001,0.11111111111111116,0.5333333333333332,0.55,0.41666666666666663,0.5416666666666667,0.40000000000000013,0.3500000000000001,0.30000000000000004,0.125,0.2666666666666667,0.8026658593619664
响洪甸,http://travel.qunar.com/p-oi701638-xianghongdian,,位于西淠河流域，主要风景有响洪甸水库、齐山、莲花山等处。响洪甸水库：响洪甸水库坐落在响洪甸镇驻驾湾村的西淠河上，坝型为半径同心圆混凝土重力坝，坝高875米，弧长304米，横臣于苍山云海之间，库区通航里程多20公里，烟波浩渺、碧水千里、两岸山峰峙，重峦迭翠被誉为皖西的“小桂林”。齐 山：在库区的响齐办事处、响洪甸镇之间，一面依山，三面环水。《六安州志称》：齐山因“顶峰而平，故名”。齐山拥雾，旧为六安州八景之一。,,,5.0,,,,,2,六安,六安,0.3883495145631068,0.6000000000000001,0.4285714285714288,0.5555555555555554,0.3000000000000007,0.2666666666666667,0.16666666666666663,0.25,0.2222222222222222,0.6000000000000001,0.11111111111111116,0.5333333333333332,0.55,0.41666666666666663,0.5416666666666667,0.40000000000000013,0.3500000000000001,0.30000000000000004,0.125,0.2666666666666667,0.8015319849746222
良山樱花观赏园,http://travel.qunar.com/p-oi38857632-liangshanyinghuaguanshang,,,,,5.0,,,具体收费情况以现场公示为主,,5,泉州,泉州,0.3786407766990291,0.6000000000000001,0.4285714285714288,0.5555555555555554,0.3000000000000007,0.2666666666666667,0.16666666666666663,0.25,0.2222222222222222,0.6000000000000001,0.11111111111111116,0.5333333333333332,0.55,0.41666666666666663,0.5416666666666667,0.40000000000000013,0.3500000000000001,0.30000000000000004,0.125,0.2666666666666667,0.8011677985991998
朝阳关帝庙,http://travel.qunar.com/p-oi708655-chaoyangguandimiao,,位于朝阳市营州路东段北侧，于清乾隆九年由山西会在朝阳东塔的塔基右侧修建。是朝阳市内唯一保存的礼制性建筑。属省级文物保护单位。现存占地面积3900平方米，庙中主体建筑有戏楼、棂星门、牌楼、神马殿、仪仗殿、关帝殿、药王殿、财神殿、东西配殿等。附属建筑有钟楼、鼓楼、东西配房、佛殿、耳房等。各殿均为砖木结构。另外还有石狮三对、石旗杆一对、清代石碑七通、石经幢二座、石雕垂花门二座、石雕栏杆二组、琉琉望天狲一对、铜鼎一座、铁狮一对、铜钟一口。戏楼位于庙前100米...位于朝阳市营州路东段北侧，于清乾隆九年由山西会在朝阳东塔的塔基右侧修建。是朝阳市内唯一保存的礼制性建筑。属省级文物保护单位。现存占地面积3900平方米，庙中主体建筑有戏楼、棂星门、牌楼、神马殿、仪仗殿、关帝殿、药王殿、财神殿、东西配殿等。附属建筑有钟楼、鼓楼、东西配房、佛殿、耳房等。各殿均为砖木结构。另外还有石狮三对、石旗杆一对、清代石碑七通、石经幢二座、石雕垂花门二座、石雕栏杆二组、琉琉望天狲一对、铜鼎一座、铁狮一对、铜钟一口。戏楼位于庙前100米处，今已毁。棂星门为木质，外附石柱、上横石额，柱顶雕“阿婆罗”。牌楼是四柱三楼式，中间二柱正反两面各刻楷书楹联一付，抱鼓两面浮雕蟋螭忍冬。钟楼今已不存。旗杆存一，1976年唐山地震时残断，现仅存基座。朝阳三座塔的东塔，塔基现仍保存于庙院东部。从塔基的形状得知，东塔亦为方形。塔地宫中出土的“无垢净光大陀罗尼法舍得塔经记”幢仍保存庙中。根据碑文记载，关帝庙所在辽代时即为寺庙，称“灵感寺”，元代称“大通法寺”。明代废弃后，清初重建为关帝庙。嘉庆、同治、道光、光绪年间，均作过增修或维修。民国二十二年，庙内增设“武穆元帅”牌位，更名关帝庙。今仍称为关帝庙。《朝阳县志》记载：“院内老树参天，巢共上者乌鹊甚多，每日早晚齐鸣，如庆神休焉。”,,,5.0,,,,,1,朝阳,朝阳,0.3106796116504854,0.6000000000000001,0.4285714285714288,0.5555555555555554,0.3000000000000007,0.2666666666666667,0.16666666666666663,0.25,0.2222222222222222,0.6000000000000001,0.11111111111111116,0.5333333333333332,0.55,0.41666666666666663,0.5416666666666667,0.40000000000000013,0.3500000000000001,0.30000000000000004,0.125,0.2666666666666667,0.7987931371046525
喇嘛岭寺,http://travel.qunar.com/p-oi5860822-lamalingsi,"

地址:
西藏自治区林芝地区林芝县布久乡简切村（306省道旁）

",整个寺院形状呈正四角，外底层屋檐共有二十角，第二到第三层屋檐为八角，佛殿高二十多米，内径十余米，上覆金顶，呈塔形，四面墙体分以白蓝红绿四色涂之，犹如镶嵌在青山绿水中的一颗宝石。 寺庙主供宁玛派创始人莲花生大师塑像，经堂供释迦牟尼塑像。寺内还有莲花生的践石遗迹，寺内精美的壁画也堪称藏东一绝。,08:00-19:00,https://img1.qunarzz.com/travel/poi/1605/54/34c6f47df23c18f7.jpg_480x360x95_81334e93.jpg,5.0,建议游览时间：1小时 - 2小时,,30元,,2,林芝,林芝,0.3106796116504854,0.6000000000000001,0.4285714285714288,0.5555555555555554,0.3000000000000007,0.2666666666666667,0.16666666666666663,0.25,0.2222222222222222,0.6000000000000001,0.11111111111111116,0.5333333333333332,0.55,0.41666666666666663,0.5416666666666667,0.40000000000000013,0.3500000000000001,0.30000000000000004,0.125,0.2666666666666667,0.7987931371046525
三友瀑布景区Sanyou Waterfall Sceneic Area,http://travel.qunar.com/p-oi19994560-sanyoupubujingqu,,三友瀑布景区位于元宝山密林深处，因其有3束落差约20米的水帘飞流直下，仿佛3个亲密朋友聚在一起而得名。,,https://tr-osdcp.qunarzz.com/tr-osd-tr-manager/img/b47144209f353d4f3d383fabe580cc99.jpg_480x360x95_32711eb5.jpg,5.0,建议游览时间：3小时,,,,1,柳州,柳州,0.3106796116504854,0.6000000000000001,0.4285714285714288,0.5555555555555554,0.3000000000000007,0.2666666666666667,0.16666666666666663,0.25,0.2222222222222222,0.6000000000000001,0.11111111111111116,0.5333333333333332,0.55,0.41666666666666663,0.5416666666666667,0.40000000000000013,0.3500000000000001,0.30000000000000004,0.125,0.2666666666666667,0.7987931371046525
罗什寺塔,http://travel.qunar.com/p-oi716387-luoshensita,,矗立在武威北大街，是为了纪念鸠摩罗什在武成弘扬佛法、翻译经典的功绩而建造的。罗什寺塔最早建于后凉(386―402)，唐时曾大力扩建，明、清皆有修葺。其间于明代成为陕西凉州大寺院，英宗正统十年二月十五日，为罗什寺院颁发了大藏经。并下了圣谕，谕中道：“刊印大藏经，颁赐天下，用广流传，兹以一藏，安置陕西凉州大寺院，永充供养。”此谕现完好保存于武威市博物馆。清康熙二十六《重修罗什寺碑记》载，经过重修的罗什寺“前后三院，焕然一新，乃五凉之福地；壮丽改观，诚河西之胜...矗立在武威北大街，是为了纪念鸠摩罗什在武成弘扬佛法、翻译经典的功绩而建造的。罗什寺塔最早建于后凉(386―402)，唐时曾大力扩建，明、清皆有修葺。其间于明代成为陕西凉州大寺院，英宗正统十年二月十五日，为罗什寺院颁发了大藏经。并下了圣谕，谕中道：“刊印大藏经，颁赐天下，用广流传，兹以一藏，安置陕西凉州大寺院，永充供养。”此谕现完好保存于武威市博物馆。清康熙二十六《重修罗什寺碑记》载，经过重修的罗什寺“前后三院，焕然一新，乃五凉之福地；壮丽改观，诚河西之胜地也”。现存罗什寺塔八角十二层，高32米，全以条形方砖砌成。从下起第三、五、八层均没门，顶部是葫芦形的铜质宝瓶，最上层东西各有小佛龛，龛内有佛像，据说是真金的。,,https://img1.qunarzz.com/piao/fusion/1805/2d/85bcba0eed283f02.jpg_480x360x95_962d86af.jpg,5.0,,,,,1,武威,武威,0.3106796116504854,0.6000000000000001,0.4285714285714288,0.5555555555555554,0.3000000000000007,0.2666666666666667,0.16666666666666663,0.25,0.2222222222222222,0.6000000000000001,0.11111111111111116,0.5333333333333332,0.55,0.41666666666666663,0.5416666666666667,0.40000000000000013,0.3500000000000001,0.30000000000000004,0.125,0.2666666666666667,0.7987931371046525
昭阳区守望乡宋家山,http://travel.qunar.com/p-oi39600117-zhaoyangqushouwangxiang,,,,,5.0,,,,,2,昭通,昭通,0.3106796116504854,0.6000000000000001,0.4285714285714288,0.5555555555555554,0.3000000000000007,0.2666666666666667,0.16666666666666663,0.25,0.2222222222222222,0.6000000000000001,0.11111111111111116,0.5333333333333332,0.55,0.41666666666666663,0.5416666666666667,0.40000000000000013,0.3500000000000001,0.30000000000000004,0.125,0.2666666666666667,0.7987931371046525
茶山,http://travel.qunar.com/p-oi40013237-chashan,,茶山位于织金县，这里随处可见的茶树，景色优美，人们还可以在此体验采茶的乐趣。,,,5.0,,,具体收费情况以景区现场公示为主,,2,毕节,毕节,0.3106796116504854,0.6000000000000001,0.4285714285714288,0.5555555555555554,0.3000000000000007,0.2666666666666667,0.16666666666666663,0.25,0.2222222222222222,0.6000000000000001,0.11111111111111116,0.5333333333333332,0.55,0.41666666666666663,0.5416666666666667,0.40000000000000013,0.3500000000000001,0.30000000000000004,0.125,0.2666666666666667,0.7987931371046525
南澳后花园村,http://travel.qunar.com/p-oi9509472-nanaohouhuayuancun,"

地址:
汕头市南澳县	

",后花园村位于南澳县东半岛中部，海岛主峰果老山北侧，海拨 350-450米之间，长年山高雾多，亚热带海洋性气候显著，空气清新。 共69户，现有人口287人，设党支部和村委会各一个，班子健全，两委交叉任职4人，党员人数15人。由后花园、牛头岭、果老山、大篮口4个自然村组成，村落相距1.5公里山路左右，耕地面积122.98 亩，山地面积4100亩，山林覆盖率80%以上，可开发的山地面积2100亩。2009年全村人年均收入3600元，村集体纯收入3.9万元。村村通工程己实现。,全天,https://tr-osdcp.qunarzz.com/tr-osd-tr-manager/img/26dc4f0a67a90208b3648d5bb0f2144e.jpg_480x360x95_feb2d0da.jpg,5.0,,,免费,,1,汕头,汕头,0.3106796116504854,0.6000000000000001,0.4285714285714288,0.5555555555555554,0.3000000000000007,0.2666666666666667,0.16666666666666663,0.25,0.2222222222222222,0.6000000000000001,0.11111111111111116,0.5333333333333332,0.55,0.41666666666666663,0.5416666666666667,0.40000000000000013,0.3500000000000001,0.30000000000000004,0.125,0.2666666666666667,0.7987931371046525
文庙大成殿,http://travel.qunar.com/p-oi707513-wenmiaodachengdian,,文庙大成殿坐落在沧州运河区晓市街北侧市群艺馆内。大成殿原系孔庙主殿，东西18米，南北9米，正面五门，殿内立柱24根，出檐2米，顶为绿釉。建筑雄伟。始建于宋辽年间（约1120-1150），明初创修规制渐备，明清以来历经17次修建。1981年河北省拨款修整，面貌一新，列为市级重点文物保护单位。,,,5.0,,,,,2,沧州,沧州,0.3106796116504854,0.6000000000000001,0.4285714285714288,0.5555555555555554,0.3000000000000007,0.2666666666666667,0.16666666666666663,0.25,0.2222222222222222,0.6000000000000001,0.11111111111111116,0.5333333333333332,0.55,0.41666666666666663,0.5416666666666667,0.40000000000000013,0.3500000000000001,0.30000000000000004,0.125,0.2666666666666667,0.7987931371046525
刘三姐故居,http://travel.qunar.com/p-oi705865-liusanjieguju,"

地址:
广西河池市城东北郊8公里处的流河乡马安村


电话:
0778-3225887

",传说中的刘三姐，就是在这片青山绿水、竹影婆娑中长大成人，划着小舟，唱着山歌，和阿牛哥谈着恋爱：“下枧河畔翠竹多；山风吹来响嗦嗦；搬来板凳并排坐；我俩同唱风流歌。”景区内的龙江河段，水上石林奇石秀峰，蔚为奇观，素有“喀斯特之魂”之称；下枫河段风光旖旎、清彻透亮、茂林修竹。沿途有南涉山、会仙山、乌龟石、泣血碑、望妹石、三姐扁担等奇特景观。游客可以乘坐游船观光，还可以观赏山歌传唱、三姐寻根等民俗表演，是个休闲度假的好地方。另外电影《刘三姐》也是在这里取...传说中的刘三姐，就是在这片青山绿水、竹影婆娑中长大成人，划着小舟，唱着山歌，和阿牛哥谈着恋爱：“下枧河畔翠竹多；山风吹来响嗦嗦；搬来板凳并排坐；我俩同唱风流歌。”景区内的龙江河段，水上石林奇石秀峰，蔚为奇观，素有“喀斯特之魂”之称；下枫河段风光旖旎、清彻透亮、茂林修竹。沿途有南涉山、会仙山、乌龟石、泣血碑、望妹石、三姐扁担等奇特景观。游客可以乘坐游船观光，还可以观赏山歌传唱、三姐寻根等民俗表演，是个休闲度假的好地方。另外电影《刘三姐》也是在这里取景拍摄的。,7:00-18:30,https://img1.qunarzz.com/travel/d1/1511/ab/28830f5cddcc58f7.jpg_480x360x95_e2269b63.jpg,5.0,建议游览时间：1小时 - 3小时,,120元,,2,河池,河池,0.3106796116504854,0.6000000000000001,0.4285714285714288,0.5555555555555554,0.3000000000000007,0.2666666666666667,0.16666666666666663,0.25,0.2222222222222222,0.6000000000000001,0.11111111111111116,0.5333333333333332,0.55,0.41666666666666663,0.5416666666666667,0.40000000000000013,0.3500000000000001,0.30000000000000004,0.125,0.2666666666666667,0.7987931371046525
千家寨,http://travel.qunar.com/p-oi3857427-qianjiazhai,"

地址:
云南省普洱市镇沅县境东北角


电话:
0879-2134847

",千家寨景区位于镇沅县境东北角，哀牢山自然保护区北部中段西坡，海拔2000-3137米，为省级风景名胜区。景区由千家寨、湾河、者东三个片区和恩乐———水塘游览线共49个景点组成，总面积44平方公里，山雄、水美、林幽、物奇为该景区特色。原始的森林，千年的古茶，高大的瀑布，清澈的溪流，遍山的杜鹃，浓郁的民情，优美的环境，是旅游观光，登山探奇，科研科考的极好去处。普洱风景名胜区位于驰名中外的普洱茶的故乡，普洱哈尼族彝族自治县境内。景区由天壁山、松山、白草地三个片区和...千家寨景区位于镇沅县境东北角，哀牢山自然保护区北部中段西坡，海拔2000-3137米，为省级风景名胜区。景区由千家寨、湾河、者东三个片区和恩乐———水塘游览线共49个景点组成，总面积44平方公里，山雄、水美、林幽、物奇为该景区特色。原始的森林，千年的古茶，高大的瀑布，清澈的溪流，遍山的杜鹃，浓郁的民情，优美的环境，是旅游观光，登山探奇，科研科考的极好去处。普洱风景名胜区位于驰名中外的普洱茶的故乡，普洱哈尼族彝族自治县境内。景区由天壁山、松山、白草地三个片区和小黑江游览线，20个景点组成，核心面积64平方公里。景观特点：有挺拔秀丽的天壁山，神奇迷离的太乙洞溶洞群，茫茫苍苍的松山、林海，德安原始森林群落，白草地原始茶树林，古茶盐驿道遗址，哈尼族、彝族等民族文化风情，闻名中外的“普洱茶”文化节。,8：00---18：00,https://img1.qunarzz.com/travel/d8/1809/e3/e479cfc5831ba7b5.jpg_480x360x95_47c82987.jpg,5.0,,,10元,,1,普洱,普洱,0.3106796116504854,0.6000000000000001,0.4285714285714288,0.5555555555555554,0.3000000000000007,0.2666666666666667,0.16666666666666663,0.25,0.2222222222222222,0.6000000000000001,0.11111111111111116,0.5333333333333332,0.55,0.41666666666666663,0.5416666666666667,0.40000000000000013,0.3500000000000001,0.30000000000000004,0.125,0.2666666666666667,0.7987931371046525
合山怀集风景区,http://travel.qunar.com/p-oi711421-heshanhuaijifengjingqu,,位于合山市河里乡怀集村。国道322线从库区东侧穿过，距离合山市区20公里，是山水型自然风景区.水库库区面积约1000亩，水面弯延狭长，三面青山环抱，南面红水河奔腾而过，景色壮观。库区中部有一个面积约10多亩的小岛，岛上常有野兔、野鸭出没，给水库增添了几分野趣。水库两边各有一个面积约100亩的半岛伸出隔水相望，被当地人形象地称为情人岛。怀集水库晴天水光潋滟，雨天山色空朦，无论春夏秋冬，总是一幅碧水青山的美景。,,,5.0,,,,,1,来宾,来宾,0.3106796116504854,0.6000000000000001,0.4285714285714288,0.5555555555555554,0.3000000000000007,0.2666666666666667,0.16666666666666663,0.25,0.2222222222222222,0.6000000000000001,0.11111111111111116,0.5333333333333332,0.55,0.41666666666666663,0.5416666666666667,0.40000000000000013,0.3500000000000001,0.30000000000000004,0.125,0.2666666666666667,0.7987931371046525
万仙楼（望仙楼）,http://travel.qunar.com/p-oi7587745-wanxianlou,"

地址:
泰安市泰山区红门路54号泰山风景名胜区

",万仙楼下层是石砌拱形门洞，高3.4米，宽2.9米，石额南刻“万仙楼”，北刻 “谢恩处”。整个下层东西宽17.4米，进深13.65米，高4.4米。门东砌为隐真洞， 深1.76米，高1.95米，宽0.9米。万仙楼上层建在下层顶台偏北处，面阔3间13米，进深6.3米，通高11米，三柱 七檩五架梁，重梁起架，黄琉璃瓦九脊歇山顶，前为重檐双步廊式。檐下施影作斗 拱，一斗二升交麻叶头，枋檩额上遍饰墨线大点金彩绘。殿墙下部四周镶满明代朝 山进香施财合山会题名碑63块。下层东北角有石阶与上层相通。,全天,https://img1.qunarzz.com/travel/d2/1710/a6/60396bdfb88e4ab5.jpg_480x360x95_d9e2c730.jpg,5.0,建议游览时间：0.5小时 - 3小时,,凭学生证半价。,,1,泰安,泰安,0.3106796116504854,0.6000000000000001,0.4285714285714288,0.5555555555555554,0.3000000000000007,0.2666666666666667,0.16666666666666663,0.25,0.2222222222222222,0.6000000000000001,0.11111111111111116,0.5333333333333332,0.55,0.41666666666666663,0.5416666666666667,0.40000000000000013,0.3500000000000001,0.30000000000000004,0.125,0.2666666666666667,0.7987931371046525
小塘子,http://travel.qunar.com/p-oi38676815-xiaotangzi,,,,,5.0,,,具体收费情况以现场公示为主,,2,文山,文山,0.3106796116504854,0.6000000000000001,0.4285714285714288,0.5555555555555554,0.3000000000000007,0.2666666666666667,0.16666666666666663,0.25,0.2222222222222222,0.6000000000000001,0.11111111111111116,0.5333333333333332,0.55,0.41666666666666663,0.5416666666666667,0.40000000000000013,0.3500000000000001,0.30000000000000004,0.125,0.2666666666666667,0.7987931371046525
摩天石,http://travel.qunar.com/p-oi39415876-motianshi,,,,,5.0,,,,,2,揭阳,揭阳,0.3106796116504854,0.6000000000000001,0.4285714285714288,0.5555555555555554,0.3000000000000007,0.2666666666666667,0.16666666666666663,0.25,0.2222222222222222,0.6000000000000001,0.11111111111111116,0.5333333333333332,0.55,0.41666666666666663,0.5416666666666667,0.40000000000000013,0.3500000000000001,0.30000000000000004,0.125,0.2666666666666667,0.7987931371046525
动物标本博物馆,http://travel.qunar.com/p-oi37806568-dongwubiaobenbowuguan,,动物标本博物馆里面有恐龙化石，各种各样的动物标本，逼真的动物音效，适合带孩子来游玩学习。,,,5.0,建议游览时间：1小时 - 2小时,,具体收费情况以现场公示为主,,1,德州,德州,0.3106796116504854,0.6000000000000001,0.4285714285714288,0.5555555555555554,0.3000000000000007,0.2666666666666667,0.16666666666666663,0.25,0.2222222222222222,0.6000000000000001,0.11111111111111116,0.5333333333333332,0.55,0.41666666666666663,0.5416666666666667,0.40000000000000013,0.3500000000000001,0.30000000000000004,0.125,0.2666666666666667,0.7987931371046525
天门山山门,http://travel.qunar.com/p-oi9777498-tianmenshanshanmen,"

地址:
张家界市永定区天门山景区内


电话:
0744-8369999、0744-8366666


官网:
http://www.tianmenshan.com.cn

",天门山国家森林公园山门位于张家界市永定区双峡村，距市区天门山索道下站8公里，山门入口处悬挂有金庸先生亲笔题词“天门仙山”，山门内有设有《天门狐仙》演出剧场。,8:00-17:00,https://tr-osdcp.qunarzz.com/tr-osd-tr-space/img/6b32b1b8e9c8dcee06cd9541ec430517.jpg_480x360x95_8eaf64c4.jpg,5.0,,,"票价
 旺季票价（3月1日至12月9日）258元+保险费3元，门票已含景区内环保车、天门山观光索道以及天门洞至山顶双向扶梯费用。
 淡季票价（12月10日至次年2月28日）225元+保险费3元。（景区门票75元、景区内交通费150元）
 以下项目需单独购票：山顶森林观光缆车票，双程每人39元，单程每人23元；玻璃栈道防滑鞋：每双5元；天门山寺佛祖舍利参观：每人50元。

优惠政策
 1、幼儿：不足1.3米的幼儿免费。
 2、残疾人、70岁以上老人执行优惠价：110元。
 3、现役军人、学生、60岁以上的老人执行优惠价：148元。
 4、张家界本市市民执行优惠价：100元。
 5、记者：凭省级以上出版部门颁发的记者证，经过天门山景区行政部门核实，可以享受免票。
 6、境外游客需办理旅行社相关手续（名单及护照号码）。

索道
 单程票价25元",,2,张家界,张家界,0.3106796116504854,0.6000000000000001,0.4285714285714288,0.5555555555555554,0.3000000000000007,0.2666666666666667,0.16666666666666663,0.25,0.2222222222222222,0.6000000000000001,0.11111111111111116,0.5333333333333332,0.55,0.41666666666666663,0.5416666666666667,0.40000000000000013,0.3500000000000001,0.30000000000000004,0.125,0.2666666666666667,0.7987931371046525
南寺头清真寺Nansitou Mosque,http://travel.qunar.com/p-oi714301-nansitouqingzhensi,,位于大厂回族自治县南寺头村西。始建于明朝中叶，至今有五百年左右的历史。据传，明朝永乐年间，回族杨氏先人杨国忠在三河县任职，后定居南寺头。该寺既有传统艺术的特点，又有浓厚的阿拉伯建筑艺术色彩，原有殿、堂、厅四十七间，其规模之大在京东颇享盛名。,,https://img1.qunarzz.com/travel/poi/1708/8e/13d3842195a87837.jpg_480x360x95_3c171c9f.jpg,5.0,建议游览时间：1小时,,具体收费情况以现场公示为主,,1,廊坊,廊坊,0.3106796116504854,0.6000000000000001,0.4285714285714288,0.5555555555555554,0.3000000000000007,0.2666666666666667,0.16666666666666663,0.25,0.2222222222222222,0.6000000000000001,0.11111111111111116,0.5333333333333332,0.55,0.41666666666666663,0.5416666666666667,0.40000000000000013,0.3500000000000001,0.30000000000000004,0.125,0.2666666666666667,0.7987931371046525
栖凤峡旅游区,http://travel.qunar.com/p-oi39368864-qifengxialu:youqu,,,,,5.0,,,,,3,广元,广元,0.3106796116504854,0.6000000000000001,0.4285714285714288,0.5555555555555554,0.3000000000000007,0.2666666666666667,0.16666666666666663,0.25,0.2222222222222222,0.6000000000000001,0.11111111111111116,0.5333333333333332,0.55,0.41666666666666663,0.5416666666666667,0.40000000000000013,0.3500000000000001,0.30000000000000004,0.125,0.2666666666666667,0.7987931371046525
玉笥山Yusi Mountain,http://travel.qunar.com/p-oi714789-yusishan,,屈子祠又称屈原庙，是纪念爱国诗人屈原的祠堂，现存的屈子祠为清乾隆年间所建。屈子祠占地1354平方米，建筑为砖木结构，内有树龄300年以上的金桂。在过道的墙壁上，镶嵌着许多石碑，镌刻着后人凭吊屈原的诗文词赋。屈原像位于后殿，神采感人。玉笥八景是骚台、濯缨桥、独醒亭、桃花洞、寿星台、望爷墩、绣花墩、剪刀池。前5景与屈原有关，后3景与屈原的女儿有关。骚台位于山右侧，建于屈子祠移建时。相传屈原的辉煌不朽诗篇《离骚》、《九歌》、《怀沙》等即写成于此地，故称“骚台”；濯缨桥位于骚台南，横跨在玉水上，亦建于清乾隆年间。桥为石拱桥，呈八字形。相传被放逐的屈原，常跑到此桥下的玉水中，洗濯冠缨，荡涤尘垢，故称濯缨桥；独醒亭位于汨罗江畔，紧靠渡口，亦称渡船亭。相传当年屈原即在此地与渔父对话，并留下“众人皆醉我独醒”的名言，故清人于乾隆年间建此亭时，便以“独醒”命名；桃花洞是个土洞，位于山麓。洞内凉爽宜人，相传屈原在盛夏酷暑时，常来此洞读书养性，赋诗明志；寿星台亦在山下，清乾隆年间建。相传屈原遭谗被逐后，当地父老为之不平。于是，每适正月二十一屈原生日，都在此地载歌载舞，演戏娱乐，祝愿他长寿，故称寿星台。望爷墩、绣花墩、剪刀池三景，也位于山下。相传屈原自沉汨罗江后，它们分别是屈原之女为父招魂处、为父绣像处、为父自刎处。,,https://img1.qunarzz.com/travel/poi/1803/c3/de7ed843a8d66237.jpg_480x360x95_19b6a11e.jpg,5.0,建议游览时间：1小时,,具体收费情况以现场公示为主,,3,岳阳,岳阳,0.3106796116504854,0.6000000000000001,0.4285714285714288,0.5555555555555554,0.3000000000000007,0.2666666666666667,0.16666666666666663,0.25,0.2222222222222222,0.6000000000000001,0.11111111111111116,0.5333333333333332,0.55,0.41666666666666663,0.5416666666666667,0.40000000000000013,0.3500000000000001,0.30000000000000004,0.125,0.2666666666666667,0.7987931371046525
木色湖旅游度假景区Muse Lake Tourist Resort,http://travel.qunar.com/p-oi35817677-musehulu:youdujiajing,"

地址:
屯昌县西南部的枫木镇海榆中线112公里处

",湖水清澈，宽阔的湖面碧波荡漾，环湖青山起伏，建成旅游、度假、狩猎、山地探险等具有国际水平的旅游度假项目、设施，为游客们服务。,全年 全天开放,,4.3,建议游览时间：12小时 - 3天,,具体收费情况以现场公示为主,,1,屯昌,屯昌,0.3106796116504854,0.6000000000000001,0.4285714285714288,0.5555555555555554,0.3000000000000007,0.2666666666666667,0.16666666666666663,0.25,0.2222222222222222,0.6000000000000001,0.11111111111111116,0.5333333333333332,0.55,0.41666666666666663,0.5416666666666667,0.40000000000000013,0.3500000000000001,0.30000000000000004,0.125,0.2666666666666667,0.7987931371046525
恩龙生态旅游,http://travel.qunar.com/p-oi707931-enlongshengtailu:you,"

地址:
安徽省宣城宁国市

",宁国市恩龙生态发展有限公司是一家集林木种苗生产、特色林果种植、生态旅游开发三大产业于一体的非公有制企业。公司创建于1997年，现总资产已逾亿元。由公司承建的恩龙生态农业科技示范园先后于2001-2002年连续两年被评为省级生态农业科技示范园，公司苗圃2002年度被评为“全国质量信得过苗圃”和“全国无检疫对象苗圃”，2003年度公司又被评为安徽省农业产业化龙头企业。公司经过几年的发展，注重科技领先，强化内部管理，兼顾企业长、中、短期效益齐头并进，现已初具规模，并逐渐...宁国市恩龙生态发展有限公司是一家集林木种苗生产、特色林果种植、生态旅游开发三大产业于一体的非公有制企业。公司创建于1997年，现总资产已逾亿元。由公司承建的恩龙生态农业科技示范园先后于2001-2002年连续两年被评为省级生态农业科技示范园，公司苗圃2002年度被评为“全国质量信得过苗圃”和“全国无检疫对象苗圃”，2003年度公司又被评为安徽省农业产业化龙头企业。公司经过几年的发展，注重科技领先，强化内部管理，兼顾企业长、中、短期效益齐头并进，现已初具规模，并逐渐形成企业协调、健康、稳步向前发展的三大支柱产业：林木种苗产业、特色林果产业、生态旅游产业。,8：00—18：30,https://img1.qunarzz.com/travel/d7/1612/d1/141e6af01a6c06b5.jpg_480x360x95_e72b0460.jpg,5.0,,,,,3,宣城,宣城,0.3106796116504854,0.6000000000000001,0.4285714285714288,0.5555555555555554,0.3000000000000007,0.2666666666666667,0.16666666666666663,0.25,0.2222222222222222,0.6000000000000001,0.11111111111111116,0.5333333333333332,0.55,0.41666666666666663,0.5416666666666667,0.40000000000000013,0.3500000000000001,0.30000000000000004,0.125,0.2666666666666667,0.7987931371046525
四明山杖锡风景区Siming Mountain Zhangxi Scenic Area,http://travel.qunar.com/p-oi35216221-simingshanzhangxifeng,"

地址:
大乡段附近


电话:
0574-88288898

",四明山杖锡风景区占地面积广，山峦叠翠，花草树木葱郁，自然景色秀丽。这里也是国内较大的樱花苗木培植、观赏基地。景区分为樱花记忆园、品茗园、青春谷、休闲垂钓区等多个区域，是您休闲度假的好地方。,全年 08:00-16:30,,5.0,建议游览时间：12小时 - 3天,,具体收费情况以景区现场公示为主。,,7,宁波,宁波,0.3106796116504854,0.6000000000000001,0.4285714285714288,0.5555555555555554,0.3000000000000007,0.2666666666666667,0.16666666666666663,0.25,0.2222222222222222,0.6000000000000001,0.11111111111111116,0.5333333333333332,0.55,0.41666666666666663,0.5416666666666667,0.40000000000000013,0.3500000000000001,0.30000000000000004,0.125,0.2666666666666667,0.7987931371046525
陀罗尼经幢,http://travel.qunar.com/p-oi719472-tuoluonijingchuang,"

地址:
甘肃省天水市秦州区南郭路39号南郭寺内


电话:
0938-8623147

",南郭寺内碑碣众多，目前已发现有14幢之多，其中以佛鼎尊胜陀罗尼经幢时间最早；3块陀罗尼经幢临时存放在佛殿内，长约两米左右的汉白玉材质六棱经幢上，昔日雕刻的文字已经十分模糊，无法辨认。其中的一块，有明显的裂纹和断裂后的痕迹。保存相对完整的一块上可以看出，其一头有明显的榫卯式结构式的突出四棱体、一头有对应的四方形坑，显然这些分散而独立的单块经幢，有组合和套装的功能。已故学者冯国瑞先生，在《绛花楼诗集》对此研究后记有：“南郭寺经幢系前蜀王衍乾德三年(公元92...南郭寺内碑碣众多，目前已发现有14幢之多，其中以佛鼎尊胜陀罗尼经幢时间最早；3块陀罗尼经幢临时存放在佛殿内，长约两米左右的汉白玉材质六棱经幢上，昔日雕刻的文字已经十分模糊，无法辨认。其中的一块，有明显的裂纹和断裂后的痕迹。保存相对完整的一块上可以看出，其一头有明显的榫卯式结构式的突出四棱体、一头有对应的四方形坑，显然这些分散而独立的单块经幢，有组合和套装的功能。已故学者冯国瑞先生，在《绛花楼诗集》对此研究后记有：“南郭寺经幢系前蜀王衍乾德三年(公元921年)刻制。”其制作时间距今已有1091年。,3月1日-10月31日8:00-18:00，11月1日-次年2月28日8:30-17:30。,https://img1.qunarzz.com/travel/poi/201408/11/1c42466be446e910c8d65eac.jpg_480x360x95_ab03ca93.jpg,5.0,建议游览时间：0.5小时,,南郭寺门票成人票 20元/人优惠票 10元/人60岁以上持身份证的老年人、未成年人及学生实行半价10元免票对持甘肃省老年优待证的老人、现役军人、残疾人、儿童（1.4米以下）免票南郭寺“四月八”门票2元/人；导游服务费20人以内每次40元，20人以上每增加1人加收1.5元。,,1,天水,天水,0.3106796116504854,0.6000000000000001,0.4285714285714288,0.5555555555555554,0.3000000000000007,0.2666666666666667,0.16666666666666663,0.25,0.2222222222222222,0.6000000000000001,0.11111111111111116,0.5333333333333332,0.55,0.41666666666666663,0.5416666666666667,0.40000000000000013,0.3500000000000001,0.30000000000000004,0.125,0.2666666666666667,0.7987931371046525
华严街,http://travel.qunar.com/p-oi37806292-huayanjie,,,,,5.0,,,具体收费情况以现场公示为主,,1,大同,大同,0.3106796116504854,0.6000000000000001,0.4285714285714288,0.5555555555555554,0.3000000000000007,0.2666666666666667,0.16666666666666663,0.25,0.2222222222222222,0.6000000000000001,0.11111111111111116,0.5333333333333332,0.55,0.41666666666666663,0.5416666666666667,0.40000000000000013,0.3500000000000001,0.30000000000000004,0.125,0.2666666666666667,0.7987931371046525
天山之夏狩猎场Kumul Tianshan Zhixia Hunting Ground,http://travel.qunar.com/p-oi711611-tianshanzhixiashoulie,"

地址:
哈密市区以东70公里处（沁城乡碱泉子墩）

",狩猎场自然地理环境好、交通便利、地势开阔，距沁城太阳沟、猴娃山及岩画较近，易于狩猎和开发，是一个集农、林、特禽养殖、野生动物繁殖、急救、狩猎、休闲度假为一体的综合服务体。狩猎场是一个天然的野生动物园，内有马鹿、鹅喉羚、北山羊、盘羊、猕猴、鸵鸟、孔雀、疙瘩鸡、珍珠鸡、火鸡、野鸡、野鸭、野兔等15余种野生动物，另建有陨石公园、土匪洞、神秘字、敖包、射箭场、飞碟射击场、靶场、滑冰场、钓鱼池、棋牌室等。2004年公司修建机场并购进轻型飞机和热气球等飞行器，推出了航猎及多种空中服务项目，向多元化经营发展。在天山之夏狩猎场游客能充分感受狩猎追逐野生动物的新鲜刺激，领略戈壁奇观海市蜃楼的亦真亦幻，探究陨石公园天外来物的神秘莫测，欣赏新疆古老坎儿井的巧妙构思，沁城太阳沟秀色、猴娃山情趣及唐代烽火台和史前岩画等古代遗址，更能品尝各类珍禽动物的美味和休闲度假的快乐。,全天,https://tr-osdcp.qunarzz.com/tr-osd-tr-manager/img/538e0971701be9ff5ae312e0f15b8c23.jpg_480x360x95_66421d10.jpg,5.0,建议游览时间：1小时,,具体收费情况以现场公示为主,,3,哈密,哈密,0.3106796116504854,0.6000000000000001,0.4285714285714288,0.5555555555555554,0.3000000000000007,0.2666666666666667,0.16666666666666663,0.25,0.2222222222222222,0.6000000000000001,0.11111111111111116,0.5333333333333332,0.55,0.41666666666666663,0.5416666666666667,0.40000000000000013,0.3500000000000001,0.30000000000000004,0.125,0.2666666666666667,0.7987931371046525
西华湿地公园Xihua Wetland Park,http://travel.qunar.com/p-oi9140808-xihuashidigongyuan,"

地址:
昆明市西山区西华收费站东侧

",昆明西华湿地公园建在滇池西岸、高海公路中段、观音山脚下，这里芦苇重重、栈道通幽、湖光山色、风影波动。8月时节，公园里的桂花散发出阵阵幽香。西华湿地公园面积约781亩，修筑景观栈道447米，车行道1800米，其中281亩的生态湿地中，种植苗木45万株，种植乔木1225株，还有25万多丛水生植物，是一个结合了乔、灌、草立体结构的湿地森林公园。西华湿地公园历来被称为西山的后花园，尽可能地保持原有环境，就连栈道旁的野草也尽量让其自然生长。湿地风景保留着大自然朴实的风格，没有冗余的枝条，也没有园林的整齐，有的只是原生态的淳朴，行走在公园里还不时能闻到八月桂散发出的阵阵幽香，沁人心脾。游客个个神清气爽，呼吸着新鲜空气，享受着秋初的阳光，仿佛能抛下一切烦心琐事。,全年 全天开放,https://tr-osdcp.qunarzz.com/tr-osd-tr-manager/img/a2b768bda3bb19adfe316a94a1fb6249.jpg_480x360x95_bb0033d3.jpg,5.0,建议游览时间：2小时,四季皆宜。,具体收费情况以现场公示为主,,6,昆明,昆明,0.3106796116504854,0.6000000000000001,0.4285714285714288,0.5555555555555554,0.3000000000000007,0.2666666666666667,0.16666666666666663,0.25,0.2222222222222222,0.6000000000000001,0.11111111111111116,0.5333333333333332,0.55,0.41666666666666663,0.5416666666666667,0.40000000000000013,0.3500000000000001,0.30000000000000004,0.125,0.2666666666666667,0.7987931371046525
小溪自然保护区Xiaoxi Nature Reserve,http://travel.qunar.com/p-oi3864368-xiaoxiziranbaohuqu,"

地址:
湘西土家族苗族自治州永顺县东南部


电话:
0743-3551

",小溪自然保护区地处湖南省永顺县东南部，属全球重点保护的200个生态圈之一，是世界少有、中国独有、中南十三省唯一幸存的免遭第四纪冰川侵袭的低海拔常绿阔叶原始次生林。保护区内物种丰富，是天然的植物园和野生动植物的基因库及天然氧吧。保护区是以原始次生林峡谷、峰林地貌景观为特色的生态旅游区。目前已向游客开放5个景区，即毛坪码头至小溪村游道沿线景区、龙门溪景区、鱼泉溪景区、茶园溪景区、巴东木莲景区。区内林海浩渺，树木葱郁，负氧离子浓度高，空气清新，环境宜人。林海缝隙中险峡深涧，飞瀑流泉，奇峰拔地，鸟鸣猿啼，间或偶现一两栋土家木楼，鸡鸣犬吠，民风古朴。景区融森林风光，原始河谷，名胜古迹，民族风情于一体，是中南地区理想的休闲度假、科考、软探险旅游胜地。,全年 全天开放,https://img1.qunarzz.com/travel/poi/201211/15/e3a1f0932fb0cfd8ddb12cfb.jpg_480x360x95_0511e4d2.jpg,5.0,建议游览时间：3天 - 6天,,30元,,4,湘西,湘西,0.3106796116504854,0.6000000000000001,0.4285714285714288,0.5555555555555554,0.3000000000000007,0.2666666666666667,0.16666666666666663,0.25,0.2222222222222222,0.6000000000000001,0.11111111111111116,0.5333333333333332,0.55,0.41666666666666663,0.5416666666666667,0.40000000000000013,0.3500000000000001,0.30000000000000004,0.125,0.2666666666666667,0.7987931371046525
洪泽湖,http://travel.qunar.com/p-oi707722-hongzehu,,,,https://img1.qunarzz.com/travel/d9/1701/35/dd2fecf65e6a1bb5.jpg_480x360x95_90a322ac.jpg,5.0,建议游览时间：3小时,四季皆宜,,,1,淮安,淮安,0.3106796116504854,0.6000000000000001,0.4285714285714288,0.5555555555555554,0.3000000000000007,0.2666666666666667,0.16666666666666663,0.25,0.2222222222222222,0.6000000000000001,0.11111111111111116,0.5333333333333332,0.55,0.41666666666666663,0.5416666666666667,0.40000000000000013,0.3500000000000001,0.30000000000000004,0.125,0.2666666666666667,0.7987931371046525
大苏干湖,http://travel.qunar.com/p-oi706271-dasuganhu,,位于甘肃省阿克塞哈萨克族自治县南部，距县城约80公里，东经93度46分-94度01分，北纬38度51分-38度55分，面积35平方公里。大苏干湖处于阿尔金山、党河南山与赛什腾山之间的花海子-苏干湖盆地的色勒屯（海子）草原西北端，为盆地最低处。海拔2795-2808米，水域面积100.89平方公里，属咸水湖。平均水深2.84米，蓄水1.72亿立方米。该地气候属内陆高寒半干旱气候。主要保护对象为鸟类及其生境。保护区内已知鸟类有61种，其中候鸟44种。候鸟中夏候鸟28种，遗鸥、猎隼、白尾鹞为国家重点保护...位于甘肃省阿克塞哈萨克族自治县南部，距县城约80公里，东经93度46分-94度01分，北纬38度51分-38度55分，面积35平方公里。大苏干湖处于阿尔金山、党河南山与赛什腾山之间的花海子-苏干湖盆地的色勒屯（海子）草原西北端，为盆地最低处。海拔2795-2808米，水域面积100.89平方公里，属咸水湖。平均水深2.84米，蓄水1.72亿立方米。该地气候属内陆高寒半干旱气候。主要保护对象为鸟类及其生境。保护区内已知鸟类有61种，其中候鸟44种。候鸟中夏候鸟28种，遗鸥、猎隼、白尾鹞为国家重点保护鸟类；冬候鸟3种，白尾海雕、玉带海雕为保护重点；旅鸟13种，大天鹅、鹤、草原雕、灰背隼为保护重点；留鸟17种，鸢、胡兀鹫、兀鹫、秃鹫、红隼、为保护重点。兽类有16种，属国家二级保护的有藏原羚、黄羊、鹅喉羚。,,https://img1.qunarzz.com/travel/d9/1811/b3/949f6852fc42c0b5.jpg_480x360x95_0e6c7a58.jpg,5.0,,,,,4,酒泉,酒泉,0.3106796116504854,0.6000000000000001,0.4285714285714288,0.5555555555555554,0.3000000000000007,0.2666666666666667,0.16666666666666663,0.25,0.2222222222222222,0.6000000000000001,0.11111111111111116,0.5333333333333332,0.55,0.41666666666666663,0.5416666666666667,0.40000000000000013,0.3500000000000001,0.30000000000000004,0.125,0.2666666666666667,0.7987931371046525
泥凼石林,http://travel.qunar.com/p-oi3864549-nidangshilin,,"泥凼石林风景名胜区位于兴义县城南面,南盘江左岸泥凼乡,距县城约四十七公里。石林东起距泥凼乡人民政府所在地二公里的风波弯,经戴家坝、白马地,西至陇戛(又名“李家弯子”)。东西长约四公里,南北宽约二公里。石峰耸立,千嶂苍翠。石林分布在土山、石山相间的台地和缓坡上,面积三干余亩。这座无人工雕琢痕迹、迷宫式的石林景观,形成于古生代,是发育典型的岩溶地貌。",,https://img1.qunarzz.com/travel/d4/1611/10/dce52a4c1d9dc2b5.jpg_480x360x95_34563896.jpg,5.0,,,,,1,黔西南,黔西南,0.3106796116504854,0.6000000000000001,0.4285714285714288,0.5555555555555554,0.3000000000000007,0.2666666666666667,0.16666666666666663,0.25,0.2222222222222222,0.6000000000000001,0.11111111111111116,0.5333333333333332,0.55,0.41666666666666663,0.5416666666666667,0.40000000000000013,0.3500000000000001,0.30000000000000004,0.125,0.2666666666666667,0.7987931371046525
黄梅芦花庵,http://travel.qunar.com/p-oi38341089-huangmeiluhuaan,,,,,5.0,,,,,1,黄冈,黄冈,0.3106796116504854,0.6000000000000001,0.4285714285714288,0.5555555555555554,0.3000000000000007,0.2666666666666667,0.16666666666666663,0.25,0.2222222222222222,0.6000000000000001,0.11111111111111116,0.5333333333333332,0.55,0.41666666666666663,0.5416666666666667,0.40000000000000013,0.3500000000000001,0.30000000000000004,0.125,0.2666666666666667,0.7987931371046525
三兴康乐村,http://travel.qunar.com/p-oi709972-sanxingkanglecun,,三兴集团淇滨康乐村地处豫北明珠鹤壁市。它南依悠悠淇水。西靠巍巍太行。四季气候宜人。周围名胜星罗密布（中华第一古军校――云梦山、大丕山名胜风景区、天然太极图等）。它交通便利，毗邻京广铁路、京珠高速公路、107国道。距首都北京仅需六个小时车程。距省会郑州仅需二个小时。三兴集团温泉度假村实用总面积近200亩，依鹤壁市特有的地貌――丘陵地带而建，整体西高东低，呈阶梯形式。2平方公里内无工厂噪声或其他污染排放源，周围阡陌交错，一派田园自然景象。是喧嚣都市中难得...三兴集团淇滨康乐村地处豫北明珠鹤壁市。它南依悠悠淇水。西靠巍巍太行。四季气候宜人。周围名胜星罗密布（中华第一古军校――云梦山、大丕山名胜风景区、天然太极图等）。它交通便利，毗邻京广铁路、京珠高速公路、107国道。距首都北京仅需六个小时车程。距省会郑州仅需二个小时。三兴集团温泉度假村实用总面积近200亩，依鹤壁市特有的地貌――丘陵地带而建，整体西高东低，呈阶梯形式。2平方公里内无工厂噪声或其他污染排放源，周围阡陌交错，一派田园自然景象。是喧嚣都市中难得的一方清静之地。目前康乐村是我市乃至周边地区唯一的一所大型娱乐场所，三兴集团淇滨康乐村内绿树成荫、鸟语花香，是一所集体休闲、娱乐、餐饮、服务、旅游为一体的大型娱乐场所，下辖大型温泉洗浴中心、室内游泳馆、大型健康房、餐饮部（以蒙古包为特色，共计13个）水上乐园（标准池、冲浪池、儿童池、环流池、高空滑道）客房部、三兴旅行社，形成了吃、住、行、游、娱一条龙的服务体系。,,,5.0,,,,,1,鹤壁,鹤壁,0.3106796116504854,0.6000000000000001,0.4285714285714288,0.5555555555555554,0.3000000000000007,0.2666666666666667,0.16666666666666663,0.25,0.2222222222222222,0.6000000000000001,0.11111111111111116,0.5333333333333332,0.55,0.41666666666666663,0.5416666666666667,0.40000000000000013,0.3500000000000001,0.30000000000000004,0.125,0.2666666666666667,0.7987931371046525
罗圈背,http://travel.qunar.com/p-oi722442-luoquanbei,"

地址:
辽宁省鞍山市岫岩满族自治县洋河镇南端罗圈背岭山脚下

","岫岩罗圈背风景区位于岫岩满族自治县洋河镇南端罗圈背岭山脚下，风景区占地面积570万平方米，水域面积370万平方米，蓄水量6000万立方米，是鞍山地区规模最大的水库。从空中俯视，水库外形恰如一个罗锅，所以得名罗圈背。水库是岫岩和东港的交界处，水面面积大部分在岫岩境内，承担着给东港市给水灌溉的任务，可以说是""蓄岫岩水，灌东港田""。这座水库目前是国家A级风景区。 水库四周山峰秀丽，山水相依，水天相接，风光宜人。四周山岭植被良好，森林覆盖率达98%以上，是一处良好的水域...岫岩罗圈背风景区位于岫岩满族自治县洋河镇南端罗圈背岭山脚下，风景区占地面积570万平方米，水域面积370万平方米，蓄水量6000万立方米，是鞍山地区规模最大的水库。从空中俯视，水库外形恰如一个罗锅，所以得名罗圈背。水库是岫岩和东港的交界处，水面面积大部分在岫岩境内，承担着给东港市给水灌溉的任务，可以说是""蓄岫岩水，灌东港田""。这座水库目前是国家A级风景区。 水库四周山峰秀丽，山水相依，水天相接，风光宜人。四周山岭植被良好，森林覆盖率达98%以上，是一处良好的水域观光旅游区。水库水质清澈，基本没有受到污染，水库内放养有草鱼、鲢鱼、武昌鱼等10多个品种的鱼类。水库旁边有2处度假村。除欣赏优美的的山水风光外，还可以开展游戏、垂钓、网虾、冲浪等娱乐活动。欢迎各位朋友到罗圈背观光旅游。",全天,https://img1.qunarzz.com/travel/d6/1702/77/de3b7f95adadf1b5.jpg_480x360x95_515c4c68.jpg,5.0,,,免费,,2,鞍山,鞍山,0.3106796116504854,0.6000000000000001,0.4285714285714288,0.5555555555555554,0.3000000000000007,0.2666666666666667,0.16666666666666663,0.25,0.2222222222222222,0.6000000000000001,0.11111111111111116,0.5333333333333332,0.55,0.41666666666666663,0.5416666666666667,0.40000000000000013,0.3500000000000001,0.30000000000000004,0.125,0.2666666666666667,0.7987931371046525
回龙场,http://travel.qunar.com/p-oi23343501-huilongchang,"

地址:
陕西省汉中市宁强县青木川古镇


电话:
18108070719

",回龙场沿青木川母亲河金溪河而建，形似一条巨龙，蜿蜒盘旋。老街全为青石板打造，风格独特，历史悠久，充满了西北地区的豪情壮气之感。民国时期，当地乡绅魏辅唐对回龙场老街进行规划和整改，逐一建造了著名的荣盛魁、烟馆、唐盛世、辅仁剧社等特色建筑，是青木川的地标建筑之一。,全天开放,https://tr-osdcp.qunarzz.com/tr-osd-tr-space/img/8f00913051318e80792f3b57354bb495.jpg_480x360x95_f1a43585.jpg,5.0,建议游览时间：1小时 - 3小时,,免费,,1,青木川,青木川,0.3106796116504854,0.6000000000000001,0.4285714285714288,0.5555555555555554,0.3000000000000007,0.2666666666666667,0.16666666666666663,0.25,0.2222222222222222,0.6000000000000001,0.11111111111111116,0.5333333333333332,0.55,0.41666666666666663,0.5416666666666667,0.40000000000000013,0.3500000000000001,0.30000000000000004,0.125,0.2666666666666667,0.7987931371046525
擂鼓墩古墓群,http://travel.qunar.com/p-oi707994-leigudungumuqun,,在随州市城关西北2.5公里的擂鼓墩。擂鼓墩古为随国领地，北望桐柏，南面涡山（即大洪山），东临极水，山岭绵亘，古冢森森。曾侯乙系战国早期曾国君主，其墓营建于红砂岩坡之上，凿石为穴，墓扩面积220平方米，深近20米，停分四室，均以巨木镶隔。主棺分内外两层，全为彩绘，外棺长3.2米，高2.19米，殉葬棺21具，除一格只髹红漆外，皆施彩绘，殉葬人多系13-25岁之青少年女性。随葬物品有礼乐器、兵器、车马器、金玉器、漆木竹器及竹简等达1.5万余件。以九鼎、八簋为中心的铜礼器，品类...在随州市城关西北2.5公里的擂鼓墩。擂鼓墩古为随国领地，北望桐柏，南面涡山（即大洪山），东临极水，山岭绵亘，古冢森森。曾侯乙系战国早期曾国君主，其墓营建于红砂岩坡之上，凿石为穴，墓扩面积220平方米，深近20米，停分四室，均以巨木镶隔。主棺分内外两层，全为彩绘，外棺长3.2米，高2.19米，殉葬棺21具，除一格只髹红漆外，皆施彩绘，殉葬人多系13-25岁之青少年女性。随葬物品有礼乐器、兵器、车马器、金玉器、漆木竹器及竹简等达1.5万余件。以九鼎、八簋为中心的铜礼器，品类齐全，造型奇妙，浮雕、透雕、细镂，错金嵌玉，巧夺天工。金杯、金盏，光灿夺目。壁、环、璜、佩等玉器玲珑璀璨，刻技精湛。漆器造型新颖，图案繁缛，蟠龙、卧鹿，栩栩如生。钟、磐、鼓、瑟、琴、竺、萧、笛等乐器，种类繁多，排列有序，宛如一间古代乐厅。尤其是其中一套拥有64件的编钟，设计精巧，铸造瑰丽，出土时，尚完整地悬挂在钟架之上。音域宽广，音色优美，古今乐曲均能演奏，令人惊叹叫绝。这批反映我国古代科学艺术成就的文化瑰宝，现藏在湖北省博物馆；并在原地加盖厅庑，保存墓坑、椁室及大部分棺木，并陈列着相应的文物及其复制品等。,,,5.0,,,,,1,随州,随州,0.3106796116504854,0.6000000000000001,0.4285714285714288,0.5555555555555554,0.3000000000000007,0.2666666666666667,0.16666666666666663,0.25,0.2222222222222222,0.6000000000000001,0.11111111111111116,0.5333333333333332,0.55,0.41666666666666663,0.5416666666666667,0.40000000000000013,0.3500000000000001,0.30000000000000004,0.125,0.2666666666666667,0.7987931371046525
铁布自然保护区,http://travel.qunar.com/p-oi708369-tiebuziranbaohuqu,"

地址:
四川省阿坝州若尔盖县铁布自然保护区


电话:
0837-2298081

",,全天,https://img1.qunarzz.com/travel/poi/1409/11/e5ac2d1638da5d42ffffffffc8d65eac.jpg_480x360x95_c0fad9f0.jpg,5.0,建议游览时间：1小时,全年皆宜,免费,,8,阿坝,阿坝,0.3106796116504854,0.6000000000000001,0.4285714285714288,0.5555555555555554,0.3000000000000007,0.2666666666666667,0.16666666666666663,0.25,0.2222222222222222,0.6000000000000001,0.11111111111111116,0.5333333333333332,0.55,0.41666666666666663,0.5416666666666667,0.40000000000000013,0.3500000000000001,0.30000000000000004,0.125,0.2666666666666667,0.7987931371046525
禾木河,http://travel.qunar.com/p-oi9547711-hemuhe,"

地址:
阿勒泰地区布尔津县

",禾木河位于新疆维吾尔自治区阿勒泰地区布尔津县禾木喀纳斯蒙古族乡，是额尔齐斯河的第二大支流，同事也是禾木风景区的一部分。禾木河在禾木村旁流过，河水是浅蓝色，非常的清澈。,全天,https://tr-osdcp.qunarzz.com/tr-osd-tr-space/img/01d427834421ce74236aa5d88eaa39ce.jpg_480x360x95_8152a5a7.jpg,5.0,,,免费,,1,阿勒泰,阿勒泰,0.3106796116504854,0.6000000000000001,0.4285714285714288,0.5555555555555554,0.3000000000000007,0.2666666666666667,0.16666666666666663,0.25,0.2222222222222222,0.6000000000000001,0.11111111111111116,0.5333333333333332,0.55,0.41666666666666663,0.5416666666666667,0.40000000000000013,0.3500000000000001,0.30000000000000004,0.125,0.2666666666666667,0.7987931371046525
太和沙颍河湿地公园,http://travel.qunar.com/p-oi37189704-taiheshayingheshidigong,"

地址:
城关镇椿樱村

",,全年 01:00-00:00,,5.0,,,具体收费情况以现场公示为主,,3,阜阳,阜阳,0.3106796116504854,0.6000000000000001,0.4285714285714288,0.5555555555555554,0.3000000000000007,0.2666666666666667,0.16666666666666663,0.25,0.2222222222222222,0.6000000000000001,0.11111111111111116,0.5333333333333332,0.55,0.41666666666666663,0.5416666666666667,0.40000000000000013,0.3500000000000001,0.30000000000000004,0.125,0.2666666666666667,0.7987931371046525
半个月亮爬上来婚拍基地,http://travel.qunar.com/p-oi38031282-bangeyueliangpashanglai,"

地址:
宁夏回族自治区银川市兴庆区月牙湖乡月牙湖村园艺队一组


电话:
18209577572

",半个月亮爬上来婚拍基地以婚庆旅拍为核心主业态，同时拥有网红、潮人、电商、短视频拍摄等商业场景1000余个，基地占地1700亩，外加10个外景基地，我们根据不同季节设置不同拍摄场景，为北、上、广、深和长三角游客以及宁夏、西安、兰州、青海的影楼和游客提供场景和旅拍服务，是西北地区最大婚庆旅拍基地，业态包含：拍摄服务、搭景服务、道具服装租赁、婚礼策划、喜宴承办、网红民宿、特色网红餐饮、以及度假俱乐部；地址位于宁夏月牙湖乡黄沙古渡景区旁；,全年 08:00-21:00,,5.0,建议游览时间：1小时 - 3小时,,,,6,银川,银川,0.3106796116504854,0.6000000000000001,0.4285714285714288,0.5555555555555554,0.3000000000000007,0.2666666666666667,0.16666666666666663,0.25,0.2222222222222222,0.6000000000000001,0.11111111111111116,0.5333333333333332,0.55,0.41666666666666663,0.5416666666666667,0.40000000000000013,0.3500000000000001,0.30000000000000004,0.125,0.2666666666666667,0.7987931371046525
大通古镇,http://travel.qunar.com/p-oi711951-datongguzhen,"

地址:
铜陵市西南方向

",独特的地理位置，使大通有过辉煌的历史，目前为安徽省历史文化保护区，其文化遗存丰富，有大士阁 (九华山头天门)、天官府、圣公会、天主教堂及锺楼等人文景观二十多处，历史名人朱元璋、洪秀全、孙中山和众多文人墨客曾在此驻足停留，游览咏唱，留下无数诗篇，封火山墙、飞檐翘角、镂花窗台、水上吊楼等明清结构建筑仍历历在目。 ,全天,https://img1.qunarzz.com/travel/d1/1610/25/1301e09413f3eb5.jpg_480x360x95_c8a235ca.jpg,5.0,,,免费,,1,铜陵,铜陵,0.3106796116504854,0.6000000000000001,0.4285714285714288,0.5555555555555554,0.3000000000000007,0.2666666666666667,0.16666666666666663,0.25,0.2222222222222222,0.6000000000000001,0.11111111111111116,0.5333333333333332,0.55,0.41666666666666663,0.5416666666666667,0.40000000000000013,0.3500000000000001,0.30000000000000004,0.125,0.2666666666666667,0.7987931371046525
龙门群岛,http://travel.qunar.com/p-oi715205-longmenqundao,,龙门群岛位于广西壮族自治区钦州市钦州港经济开发区西北部。钦州至钦州港公路可达。距钦州市区约25公里。是集自然景观和人文景观于一体的滨海型旅游区。明清时期一直是钦州的八景之一而备受赞誉。龙门群岛是由100多个大小各异的岛屿镶嵌在方圆约50平方公里的钦州湾海面上而形成。景区内山环水绕，扑朔迷离，风光旖旎，奇特秀丽，享有“南国蓬莱”之盛誉。主要由仙岛公园、七十二泾、茅尾海、龙门岛、亚公山、青菜头、绿岛、五马归槽等景点组成。而亚公山则因清康熙年间（公元1662年）...龙门群岛位于广西壮族自治区钦州市钦州港经济开发区西北部。钦州至钦州港公路可达。距钦州市区约25公里。是集自然景观和人文景观于一体的滨海型旅游区。明清时期一直是钦州的八景之一而备受赞誉。龙门群岛是由100多个大小各异的岛屿镶嵌在方圆约50平方公里的钦州湾海面上而形成。景区内山环水绕，扑朔迷离，风光旖旎，奇特秀丽，享有“南国蓬莱”之盛誉。主要由仙岛公园、七十二泾、茅尾海、龙门岛、亚公山、青菜头、绿岛、五马归槽等景点组成。而亚公山则因清康熙年间（公元1662年）岛上修建大皇庙，庙内塑大皇公神像而得名。岛南半崖上栖着大群水鸟，日落归巢时煞是壮观。岛北面还有一棵许愿树，飘舞的彩带寄托着渔民们祈求平安富足的美好愿望。 绿岛：又名六墩岛。酷似一条穿越碧波畅游大海的小青龙。岛上沙滩、奇石、树林，富有热带风情，岛上度假木屋、酒吧、亭台楼阁鳞次栉比，是一个别有情调的度假小岛。,,,5.0,,,,,1,钦州,钦州,0.3106796116504854,0.6000000000000001,0.4285714285714288,0.5555555555555554,0.3000000000000007,0.2666666666666667,0.16666666666666663,0.25,0.2222222222222222,0.6000000000000001,0.11111111111111116,0.5333333333333332,0.55,0.41666666666666663,0.5416666666666667,0.40000000000000013,0.3500000000000001,0.30000000000000004,0.125,0.2666666666666667,0.7987931371046525
天门洞,http://travel.qunar.com/p-oi715279-tianmendong,,位于遵义娄山关风景区内。,,https://mp-commentcp.qunarzz.com/mp_comment_mp_comment/1562056700923100n15000000ypjujF76A_D_640_10000.jpg_480x360x95_543f61ea.jpg,5.0,,,,,3,遵义,遵义,0.3106796116504854,0.6000000000000001,0.4285714285714288,0.5555555555555554,0.3000000000000007,0.2666666666666667,0.16666666666666663,0.25,0.2222222222222222,0.6000000000000001,0.11111111111111116,0.5333333333333332,0.55,0.41666666666666663,0.5416666666666667,0.40000000000000013,0.3500000000000001,0.30000000000000004,0.125,0.2666666666666667,0.7987931371046525
中南欢乐世界,http://travel.qunar.com/p-oi7469457-zhongnanhuanleshijie,"

地址:
浙江省湖州市安吉县递铺镇马鞍山村

",,7:30-17:30,https://img1.qunarzz.com/piao/fusion/1804/67/1a428454b990dc02.jpg_480x360x95_6c27b3aa.jpg,5.0,建议游览时间：4小时 - 1天,四季皆宜，春夏最宜。,100元,,8,湖州,湖州,0.3106796116504854,0.6000000000000001,0.4285714285714288,0.5555555555555554,0.3000000000000007,0.2666666666666667,0.16666666666666663,0.25,0.2222222222222222,0.6000000000000001,0.11111111111111116,0.5333333333333332,0.55,0.41666666666666663,0.5416666666666667,0.40000000000000013,0.3500000000000001,0.30000000000000004,0.125,0.2666666666666667,0.7987931371046525
